chr1:1-10000	telomere_start
chr1:249240622-249250621	telomere_end
chr2:1-10000	telomere_start
chr2:243189374-243199373	telomere_end
chr3:1-10000	telomere_start
chr3:198012431-198022430	telomere_end
chr4:1-10000	telomere_start
chr4:191144277-191154276	telomere_end
chr5:1-10000	telomere_start
chr5:180905261-180915260	telomere_end
chr6:1-10000	telomere_start
chr6:171105068-171115067	telomere_end
chr7:1-10000	telomere_start
chr7:159128664-159138663	telomere_end
chr8:1-10000	telomere_start
chr8:146354023-146364022	telomere_end
chr9:1-10000	telomere_start
chr9:141203432-141213431	telomere_end
chrX:1-10000	telomere_start
chrX:155260561-155270560	telomere_end
chrY:1-10000	telomere_start
chrY:59363567-59373566	telomere_end
chr10:135524748-135534747	telomere_end
chr10:1-10000	telomere_start
chr11:134996517-135006516	telomere_end
chr11:1-10000	telomere_start
chr12:1-10000	telomere_start
chr12:133841896-133851895	telomere_end
chr13:1-10000	telomere_start
chr13:115159879-115169878	telomere_end
chr14:107339541-107349540	telomere_end
chr14:1-10000	telomere_start
chr15:1-10000	telomere_start
chr15:102521393-102531392	telomere_end
chr16:1-10000	telomere_start
chr16:90344754-90354753	telomere_end
chr18:1-10000	telomere_start
chr18:78067249-78077248	telomere_end
chr19:1-10000	telomere_start
chr19:59118984-59128983	telomere_end
chr20:1-10000	telomere_start
chr20:63015521-63025520	telomere_end
chr21:1-10000	telomere_start
chr21:48119896-48129895	telomere_end
chr22:1-10000	telomere_start
chr22:51294567-51304566	telomere_end
chr1:121535435-124535434	centromere
chr2:92326172-95326171	centromere
chr3:90504855-93504854	centromere
chr4:49660118-52660117	centromere
chr5:46405642-49405641	centromere
chr6:58830167-61830166	centromere
chr7:58054332-61054331	centromere
chr8:43838888-46838887	centromere
chr9:47367680-50367679	centromere
chrX:58632013-61632012	centromere
chrY:10104554-13104553	centromere
chr10:39254936-42254935	centromere
chr11:51644206-54644205	centromere
chr12:34856695-37856694	centromere
chr13:16000001-19000000	centromere
chr14:16000001-19000000	centromere
chr15:17000001-20000000	centromere
chr16:35335802-38335801	centromere
chr17:22263007-25263006	centromere
chr18:15460899-18460898	centromere
chr19:24681783-27681782	centromere
chr20:26369570-29369569	centromere
chr21:11288130-14288129	centromere
chr22:13000001-16000000	centromere
chr22:22031175-22922910	igg_region
chr14:105527920-106873021	igg_region
chr2:88857362-89330430	igg_region
chr14:21621905-22552154	igg_region
